,rating,date,title,content,helpful count
0,5,22.07.15,1953 형제국밥 대표국밥: 극한의 맑음!! 맑은국밥!!,"대학 다니면서 정말 많이 먹었어요 술안주먹고 그 다음날 해장으로 먹고ㅋㅋㅋ  그 맛을 잠시 잊고 있다가 아프니깐 뜨끈한 국밥 생각 나더라구요...주문했더니 총알로 왔더라구요.. 바로 데웠죠..!  국밥 먹으며 땀을 쫙 뺐더니 아픈게 날아가는 것 같아요 역시 형국!!!!!!! 10년넘는 시간이 지나도 여전히 맛이 최고입니다!!! 빨리 먹고 다시 주문 해야겠어요~~~!!!!</span></div><span class=""_2QRtghbCyu"">더보기",0
1,5,22.07.10,1953 형제국밥 대표국밥: 극한의 맑음!! 맑은국밥!!,,0
2,5,22.07.15,1953 형제국밥 대표국밥: 극한의 맑음!! 맑은국밥!!,,0
3,5,22.07.15,1953 형제국밥 대표국밥: 극한의 맑음!! 맑은국밥!!,,0
4,5,22.07.19,1953 형제국밥 대표국밥: 극한의 맑음!! 맑은국밥!!,,0
5,5,22.07.13,1953 형제국밥 대표국밥: 극한의 맑음!! 맑은국밥!!,,0
6,5,22.07.18,1953 형제국밥 대표국밥: 극한의 맑음!! 맑은국밥!!,,0
7,5,22.06.27,1953 형제국밥 대표국밥: 극한의 맑음!! 맑은국밥!!,,0
8,5,22.07.11,1953 형제국밥 대표국밥: 극한의 맑음!! 맑은국밥!!,,0
9,4,22.07.17,1953 형제국밥 대표국밥: 극한의 맑음!! 맑은국밥!!,,0
10,5,22.04.06,국밥 선택: 마라국밥,"대학생부터 열심히 다닌 10년 단골집 형제국밥이쥬?  서울로 취직하는 바람?에ㅠㅠㅠ내사랑 형제국밥과 헤어져 서울에서 입맛에 맞는 국밥을 찾느라 버린돈만 오조오억ㅋㅋㅋ ㅋㅋㅋ  와우 밀키트라녀??? 따댱님 드뎌 일내심!!!!   일단 내사랑 불꽃국밥바로시키고요 기본도 당연히 시켜줘야하는거고요 마라국밥 궁금해서 함시켜봤고요  아근데 사장님 마라국밥 이래맛있다고 왜말안해줘써여...? 불꽃국밥이 최애긴하지만 좀더강력하게 얘기해줘써야쥬ㅋㅋ  하여간 도착하자마자 마라국밥이랑 기본국밥 바로끼리가 신랑이랑 완뚝! 아니 완냄ㅋㅋㅋ너무마시쏘요ㅠㅠㅠ 역시 형국입니다ㅜㅠㅠ 낼아침은불꽃국밥마셔볼게요?? (불꽃 패키지 바뀐다고되있던데ㅋㅋㅋ불꽃매냐설렌다구용ㅋㅋ) 사랑해요 형제국밥😘</span></div><span class=""_2QRtghbCyu"">더보기",1
11,5,22.07.17,1953 형제국밥 대표국밥: 극한의 맑음!! 맑은국밥!!,,0
12,5,22.06.24,1953 형제국밥 대표국밥: 극한의 맑음!! 맑은국밥!!,,0
13,5,22.06.08,1953 형제국밥 대표국밥: 극한의 맑음!! 맑은국밥!!,,0
14,5,22.06.07,국밥 선택: 돼지국밥,,1
15,5,22.06.07,국밥 선택: 시그니처 불꽃국밥,,1
16,5,22.06.18,1953 형제국밥 대표국밥: 극한의 맑음!! 맑은국밥!!,,0
17,5,22.06.22,1953 형제국밥 대표국밥: 극한의 맑음!! 맑은국밥!!,,0
18,5,22.05.26,국밥 선택: 돼지국밥,,1
19,5,22.06.04,국밥 선택: 시그니처 불꽃국밥,,1
20,5,22.06.13,1953 형제국밥 대표국밥: 극한의 맑음!! 맑은국밥!!,,1
21,5,22.06.19,1953 형제국밥 대표국밥: 극한의 맑음!! 맑은국밥!!,,0
22,5,22.06.25,국밥 선택: 돼지국밥,,0
23,5,22.06.12,1953 형제국밥 대표국밥: 극한의 맑음!! 맑은국밥!!,,1
24,4,22.06.18,1953 형제국밥 대표국밥: 극한의 맑음!! 맑은국밥!!,,0
25,5,22.06.25,국밥 선택: 시그니처 불꽃국밥,,0
26,5,22.05.26,국밥 선택: 시그니처 불꽃국밥,,1
27,5,22.06.15,1953 형제국밥 대표국밥: 극한의 맑음!! 맑은국밥!!,,1
28,5,22.06.11,국밥 선택: 돼지국밥,,1
29,5,22.05.13,국밥 선택: 마라국밥,,1
30,5,22.06.11,국밥 선택: 시그니처 불꽃국밥,,0
31,5,22.05.04,국밥 선택: 돼지국밥,,0
32,5,22.05.02,국밥 선택: 마라국밥,,0
33,5,22.05.13,국밥 선택: 시그니처 불꽃국밥,,0
34,5,22.05.13,국밥 선택: 돼지국밥,,0
35,1,22.04.09,국밥 선택: 돼지국밥,,0
36,5,22.05.15,국밥 선택: 시그니처 불꽃국밥,,0
37,5,22.05.15,국밥 선택: 돼지국밥,,0
38,5,22.05.02,국밥 선택: 돼지국밥,,0
39,5,22.05.02,,,0
40,5,22.04.20,국밥 선택: 돼지국밥,,0
41,5,22.05.26,국밥 선택: 마라국밥,,0
42,5,22.05.05,국밥 선택: 돼지국밥,,0
43,5,22.05.02,국밥 선택: 시그니처 불꽃국밥,,0
44,5,22.05.24,국밥 선택: 시그니처 불꽃국밥,,0
45,5,22.04.29,국밥 선택: 시그니처 불꽃국밥,,0
46,5,22.03.20,국밥 선택: 시그니처 불꽃국밥,,0
47,5,22.04.20,국밥 선택: 시그니처 불꽃국밥,,0
48,5,22.04.06,국밥 선택: 시그니처 불꽃국밥,,0
49,5,22.04.26,국밥 선택: 시그니처 불꽃국밥,,0
50,5,22.05.09,국밥 선택: 시그니처 불꽃국밥,,0
51,5,22.05.06,국밥 선택: 돼지국밥,,0
52,5,22.04.20,국밥 선택: 돼지국밥,,0
53,5,22.04.29,국밥 선택: 시그니처 불꽃국밥,,0
54,5,22.05.05,국밥 선택: 돼지국밥,,0
55,5,22.05.04,국밥 선택: 시그니처 불꽃국밥,,0
56,5,22.05.05,국밥 선택: 시그니처 불꽃국밥,,0
57,5,22.04.12,국밥 선택: 시그니처 불꽃국밥,,0
58,5,22.04.12,국밥 선택: 돼지국밥,,0
59,5,22.04.27,국밥 선택: 돼지국밥,,0
60,5,22.04.18,국밥 선택: 돼지국밥,,0
61,5,22.04.12,국밥 선택: 마라국밥,,0
62,5,22.04.14,국밥 선택: 시그니처 불꽃국밥,,0
63,4,22.03.27,국밥 선택: 시그니처 불꽃국밥,,0
64,5,22.03.24,국밥 선택: 돼지국밥,,0
65,5,22.03.30,국밥 선택: 시그니처 불꽃국밥,,0
66,5,22.04.19,국밥 선택: 시그니처 불꽃국밥,,0
67,5,22.04.12,국밥 선택: 마라국밥,,0
68,5,22.04.18,국밥 선택: 시그니처 불꽃국밥,,0
69,5,22.04.18,국밥 선택: 돼지국밥,,0
70,5,22.04.28,국밥 선택: 시그니처 불꽃국밥,,0
71,5,22.04.28,국밥 선택: 돼지국밥,,0
72,4,22.03.11,국밥 선택: 시그니처 불꽃국밥,,0
73,3,22.03.09,국밥 선택: 마라국밥,,0
74,5,22.03.17,국밥 선택: 돼지국밥,,0
75,5,22.03.17,국밥 선택: 마라국밥,,0
76,5,22.03.09,국밥 선택: 돼지국밥,,0
77,5,22.03.24,국밥 선택: 시그니처 불꽃국밥,,0
78,5,22.03.09,국밥 선택: 시그니처 불꽃국밥,,0
79,5,22.03.01,국밥 선택: 돼지국밥,,0
80,5,22.03.07,국밥 선택: 돼지국밥,,0
81,5,22.02.27,국밥 선택: 시그니처 불꽃국밥,,0
82,5,22.02.20,국밥 선택: 시그니처 불꽃국밥,,0
83,5,22.03.01,국밥 선택: 시그니처 불꽃국밥,,0
84,5,22.03.07,국밥 선택: 돼지국밥,,0
85,5,22.03.25,국밥 선택: 돼지국밥,,0
86,5,22.03.11,국밥 선택: 돼지국밥,,0
87,5,22.02.27,국밥 선택: 돼지국밥,,0
88,5,22.02.18,국밥 선택: 시그니처 불꽃국밥,,0
89,5,22.01.24,국밥 선택: 시그니처 불꽃국밥,,0
90,5,22.01.24,국밥 선택: 돼지국밥,,0
91,5,22.03.17,국밥 선택: 돼지국밥,,0
92,5,22.03.01,국밥 선택: 돼지국밥,,0
93,5,22.03.16,국밥 선택: 돼지국밥,,0
94,5,22.03.01,국밥 선택: 시그니처 불꽃국밥,,0
95,5,21.12.28,국밥 선택: 돼지국밥,"이번 여름 부산여행에서 맑은국물 돼지국밥을 먹어보고 반해 버린 아이들 성화에 못이겨 여기저기 기웃대다 후기가 좋은 형제국밥 밀키트 도전! 온 가족 쌍엄지를 받고 추가 주문하러 온 김에 후기 남기네요 ^^ 대략 냄새로 육류 국적(?)을 맞출 수 있을 정도로 소싯적 후각이 예민해서 편식 끝판왕이었던 저와 혀에 바코드가 달렸다는 평을 듣는 ㅡㅡ 제 딸들, 그리고 그런 두 세대를 낳고 키우느라 산전수전 공중전 경험하신 친정 어머니까지 모두 만족했네요. 전체적으로 싱겁게 먹는 편인 지라 물을 좀 넉넉하게 잡았습니다만.. 잡내 없이 고기 양도 많고 맑으면서도 깊은 맛이 나는 국물이 인상적이었어요. (사진은 늦게 퇴근한 아빠꺼 끓여둔 걸 또 퍼 간 막내 덕에 양이 적어 보여요 ^^;;) 맵찔이라 마라탕은 도전해본 적조차 없는데 형국꺼 한 번 먹어보자 싶어 주문해 봅니다 ^^</span></div><span class=""_2QRtghbCyu"">더보기",0
96,5,22.02.16,국밥 선택: 돼지국밥,,0
97,5,22.02.16,국밥 선택: 시그니처 불꽃국밥,,0
98,5,22.01.21,국밥 선택: 돼지국밥,,0
99,5,22.01.21,국밥 선택: 시그니처 불꽃국밥,,0
100,5,22.01.21,국밥 선택: 돼지국밥,,0
101,5,22.01.21,국밥 선택: 시그니처 불꽃국밥,,0
102,5,22.01.21,국밥 선택: 돼지국밥,,0
103,5,22.01.21,국밥 선택: 돼지국밥,,0
104,5,22.03.03,국밥 선택: 시그니처 불꽃국밥,,0
105,5,22.01.11,국밥 선택: 시그니처 불꽃국밥,,0
106,5,22.02.14,국밥 선택: 시그니처 불꽃국밥,,0
107,5,22.03.02,국밥 선택: 시그니처 불꽃국밥,,0
108,5,22.01.21,국밥 선택: 마라국밥,,0
109,5,21.12.23,국밥 선택: 돼지국밥,"남편이 한입 먹고 박수친 형제국밥!ㅋㅋㅋ 냄새도 안 나고 깔끔하대요. 저도 소싯적 상경 전 돼지국밥 마스터로서 인정입니다👍 20대까지는 뼈를 우려낸 뽀얀 국물 스타일을 많이 먹었고 그게 국룰이라 생각했지만, 30대를 넘어선 지금은 고기 위주로 우려낸 맑은 국물 스타일도 깔끔하니 돼지국밥 초보인 남편과 함께 먹기 좋네요. 혹시 몰라 3팩 시켰는데 다음번에는 많이 구매해 쟁여두어야겠습니다. 잘 먹었습니다👍👍👍  다만 지퍼쪽과 결합된 포장지 부분이 조금 찢어져서 왔어요. 겨울이라 꽁꽁 얼어 괜찮았지만 여름을 대비해 보완하셔야할듯 합니다.  부산에 가고 싶은 마음이 들때쯤에 또 주문하려고요. 어려운 시국이지만 번창하시길..</span></div><span class=""_2QRtghbCyu"">더보기",0
110,5,22.01.12,국밥 선택: 시그니처 불꽃국밥,,0
111,5,22.03.09,국밥 선택: 시그니처 불꽃국밥,,0
112,4,22.02.10,국밥 선택: 시그니처 불꽃국밥,,0
113,5,22.02.04,국밥 선택: 시그니처 불꽃국밥,,0
114,3,22.02.10,국밥 선택: 돼지국밥,,0
115,5,22.02.28,국밥 선택: 돼지국밥,,0
116,5,22.02.28,국밥 선택: 시그니처 불꽃국밥,,0
117,5,22.02.04,국밥 선택: 돼지국밥,,0
118,5,22.01.17,국밥 선택: 돼지국밥,,0
119,5,22.03.24,국밥 선택: 마라국밥,,1
120,5,22.01.15,국밥 선택: 시그니처 불꽃국밥,,0
121,5,22.01.01,국밥 선택: 돼지국밥,,0
122,5,22.02.11,국밥 선택: 돼지국밥,,0
123,5,22.02.07,국밥 선택: 시그니처 불꽃국밥,,0
124,5,22.02.20,국밥 선택: 시그니처 불꽃국밥,,0
125,5,22.02.18,국밥 선택: 시그니처 불꽃국밥,,0
126,5,22.02.18,국밥 선택: 돼지국밥,,0
127,5,22.02.18,국밥 선택: 시그니처 불꽃국밥,,0
128,5,22.02.18,국밥 선택: 시그니처 불꽃국밥,,0
129,5,22.01.04,국밥 선택: 시그니처 불꽃국밥,,0
130,5,22.02.03,국밥 선택: 돼지국밥,,0
131,5,22.01.10,국밥 선택: 돼지국밥,,0
132,5,22.02.08,국밥 선택: 돼지국밥,,0
133,5,22.02.18,국밥 선택: 돼지국밥,,0
134,5,22.01.10,국밥 선택: 돼지국밥,"요기조기 마니주문해봤는데 요기가 제일루맛난거같네요 또 주문해야겠어요 ㅎㅎ</span></div><span class=""_2QRtghbCyu"">더보기",0
135,5,22.01.10,국밥 선택: 시그니처 불꽃국밥,,0
136,5,22.01.25,국밥 선택: 시그니처 불꽃국밥,,0
137,5,21.12.19,국밥 선택: 시그니처 불꽃국밥,,0
138,5,22.01.26,국밥 선택: 돼지국밥,,0
139,5,21.12.07,국밥 선택: 돼지국밥,,0
140,5,22.01.14,국밥 선택: 돼지국밥,,0
141,5,22.01.09,국밥 선택: 돼지국밥,,0
142,5,22.01.09,국밥 선택: 시그니처 불꽃국밥,,0
143,5,22.01.07,국밥 선택: 돼지국밥,,0
144,5,21.12.07,국밥 선택: 시그니처 불꽃국밥,,0
145,5,21.12.07,국밥 선택: 돼지국밥,,0
146,5,21.12.07,국밥 선택: 돼지국밥,,0
147,5,21.12.07,국밥 선택: 시그니처 불꽃국밥,,0
148,5,22.01.19,국밥 선택: 돼지국밥,,0
149,2,21.12.22,국밥 선택: 돼지국밥,,0
150,5,21.11.16,국밥 선택: 시그니처 불꽃국밥,,0
151,5,21.12.15,국밥 선택: 시그니처 불꽃국밥,,0
152,5,22.01.26,국밥 선택: 시그니처 불꽃국밥,,0
153,5,21.12.19,국밥 선택: 시그니처 불꽃국밥,,0
154,5,21.12.13,국밥 선택: 시그니처 불꽃국밥,,0
155,5,22.01.25,국밥 선택: 마라국밥,,0
156,5,21.12.19,국밥 선택: 돼지국밥,,0
157,5,21.12.23,국밥 선택: 돼지국밥,,0
158,5,22.01.21,국밥 선택: 시그니처 불꽃국밥,,0
159,5,22.01.08,국밥 선택: 시그니처 불꽃국밥,,0
160,5,22.01.14,국밥 선택: 시그니처 불꽃국밥,,0
161,5,21.12.15,국밥 선택: 돼지국밥,,0
162,5,21.12.20,국밥 선택: 돼지국밥,,0
163,5,21.12.20,국밥 선택: 시그니처 불꽃국밥,,0
164,5,21.12.20,국밥 선택: 마라국밥,,0
165,5,21.12.19,국밥 선택: 마라국밥,,0
166,5,21.12.22,국밥 선택: 시그니처 불꽃국밥,,0
167,5,21.12.26,국밥 선택: 돼지국밥,,0
168,3,21.12.03,국밥 선택: 돼지국밥,,0
169,5,22.01.18,국밥 선택: 돼지국밥,,0
170,5,21.12.28,국밥 선택: 돼지국밥,,0
171,5,22.01.10,국밥 선택: 돼지국밥,,0
172,5,21.10.31,국밥 선택: 돼지국밥,,1
173,5,21.12.28,국밥 선택: 시그니처 불꽃국밥,,0
174,5,21.12.01,국밥 선택: 돼지국밥,,0
175,5,21.12.01,국밥 선택: 시그니처 불꽃국밥,,0
176,5,21.12.15,국밥 선택: 시그니처 불꽃국밥,,0
177,5,21.12.13,국밥 선택: 돼지국밥,,0
178,5,22.01.17,국밥 선택: 시그니처 불꽃국밥,,0
179,3,21.12.30,국밥 선택: 시그니처 불꽃국밥,,0
180,4,21.12.30,국밥 선택: 돼지국밥,,0
181,5,21.12.22,국밥 선택: 돼지국밥,,0
182,5,22.01.04,국밥 선택: 시그니처 불꽃국밥,,0
183,5,21.12.23,국밥 선택: 돼지국밥,,0
184,5,21.11.24,국밥 선택: 시그니처 불꽃국밥,,0
185,5,21.11.26,국밥 선택: 시그니처 불꽃국밥,,0
186,5,21.12.11,국밥 선택: 시그니처 불꽃국밥,,0
187,5,22.01.02,국밥 선택: 시그니처 불꽃국밥,,0
188,5,21.12.13,국밥 선택: 시그니처 불꽃국밥,,0
189,5,21.11.01,국밥 선택: 돼지국밥,,0
190,5,21.12.16,국밥 선택: 돼지국밥,,0
191,5,21.12.22,국밥 선택: 시그니처 불꽃국밥,,1
192,5,21.09.27,국밥 선택: 돼지국밥,"10년전 경성대 재학할때 정말 좋아했던 형제국밥이에요! 근처 맛있다는 소위 3대국밥집들이 많았는데 제 입맛에는 형제국밥이 제일 맛있더라구요!! 그래서 점심으로 일주일에 세번은 먹은것같아요ㅋㅋㅋ 국물과 고기가 낭낭해서 항상 공기밥 하나를 더 말아먹었죵ㅋㅋㅋ 지금은 결혼하고 경기도에 살아서 먹을일이없었는데, 임신 6개월차인 최근! 그 국밥이 생각나서 알아보다가 택배주문이 된다는걸 알고 너무 기뻤어요ㅠㅠㅠ! 10년전에도 메뉴가 정말 다양했지만 돼지국밥만 고집했는데 이번 주문엔 불꽃국밥도 같이 시켰는데 둘다 너~~~무 맛있었어요! 나름 형국에서 먹는 느낌 내보려고 양파절임,부추겉절이,다진청양고추 등 준비했는데 대만족이요😭😭 맛있는 국밥 판매 해주셔서 감사합니다!!!!ㅎㅎㅎ 조만간 재주문 할게요😍😍😍</span></div><span class=""_2QRtghbCyu"">더보기",0
193,5,21.09.27,국밥 선택: 시그니처 불꽃국밥,"10년전 경성대 재학할때 정말 좋아했던 형제국밥이에요! 근처 맛있다는 소위 3대국밥집들이 많았는데 제 입맛에는 형제국밥이 제일 맛있더라구요!! 그래서 점심으로 일주일에 세번은 먹은것같아요ㅋㅋㅋ 국물과 고기가 낭낭해서 항상 공기밥 하나를 더 말아먹었죵ㅋㅋㅋ 지금은 결혼하고 경기도에 살아서 먹을일이없었는데, 임신 6개월차인 최근! 그 국밥이 생각나서 알아보다가 택배주문이 된다는걸 알고 너무 기뻤어요ㅠㅠㅠ! 10년전에도 메뉴가 정말 다양했지만 돼지국밥만 고집했는데 이번 주문엔 불꽃국밥도 같이 시켰는데 둘다 너~~~무 맛있었어요! 나름 형국에서 먹는 느낌 내보려고 양파절임,부추겉절이,다진청양고추 등 준비했는데 대만족이요😭😭 맛있는 국밥 판매 해주셔서 감사합니다!!!!ㅎㅎㅎ 조만간 재주문 할게요😍😍😍</span></div><span class=""_2QRtghbCyu"">더보기",0
194,5,21.11.02,국밥 선택: 돼지국밥,,0
195,5,21.12.09,국밥 선택: 돼지국밥,,0
196,5,21.12.22,국밥 선택: 돼지국밥,,0
197,5,21.11.16,국밥 선택: 돼지국밥,,0
198,5,21.11.28,국밥 선택: 돼지국밥,,0
199,5,21.11.15,국밥 선택: 마라국밥,,0
200,5,21.12.14,국밥 선택: 돼지국밥,,0
201,5,21.11.21,국밥 선택: 시그니처 불꽃국밥,,0
202,5,21.11.14,국밥 선택: 돼지국밥,,0
203,5,21.11.14,국밥 선택: 마라국밥,,0
204,5,21.11.22,국밥 선택: 시그니처 불꽃국밥,,0
205,5,21.12.10,국밥 선택: 시그니처 불꽃국밥,,0
206,5,21.12.09,국밥 선택: 돼지국밥,,0
207,5,21.11.15,국밥 선택: 시그니처 불꽃국밥,,0
208,5,21.11.14,국밥 선택: 돼지국밥,,0
209,5,21.11.08,국밥 선택: 돼지국밥,,0
210,5,21.11.02,국밥 선택: 시그니처 불꽃국밥,,0
211,5,21.11.08,국밥 선택: 돼지국밥,,0
212,5,21.10.22,국밥 선택: 시그니처 불꽃국밥,,0
213,4,21.11.25,국밥 선택: 시그니처 불꽃국밥,,0
214,5,21.11.25,국밥 선택: 시그니처 불꽃국밥,,0
215,5,21.11.05,국밥 선택: 시그니처 불꽃국밥,,0
216,5,21.10.31,국밥 선택: 시그니처 불꽃국밥,,0
217,5,21.11.01,국밥 선택: 시그니처 불꽃국밥,,0
218,5,21.10.18,국밥 선택: 돼지국밥,,0
219,5,21.10.22,국밥 선택: 돼지국밥,,0
220,5,21.11.22,국밥 선택: 돼지국밥,,0
221,5,21.09.27,국밥 선택: 시그니처 불꽃국밥,,0
222,4,21.11.07,국밥 선택: 시그니처 불꽃국밥,,0
223,5,21.11.08,국밥 선택: 돼지국밥,,0
224,5,21.11.15,국밥 선택: 돼지국밥,,0
225,5,21.11.15,국밥 선택: 시그니처 불꽃국밥,,0
226,5,21.11.05,국밥 선택: 시그니처 불꽃국밥,,0
227,5,21.11.07,국밥 선택: 돼지국밥,,0
228,5,21.09.30,국밥 선택: 마라국밥,,1
229,5,21.10.14,국밥 선택: 시그니처 불꽃국밥,,0
230,5,21.10.29,국밥 선택: 시그니처 불꽃국밥,,0
231,5,21.10.22,국밥 선택: 시그니처 불꽃국밥,,0
232,5,21.10.22,국밥 선택: 돼지국밥,,0
233,5,21.11.05,국밥 선택: 돼지국밥,,0
234,5,21.11.04,국밥 선택: 시그니처 불꽃국밥,,0
235,5,21.08.28,국밥 선택: 시그니처 불꽃국밥,"잃어버린 형제를 찾은 맛 맑고 깊은 맛 선물하고 싶은 맛^^  실제 가게에서 먹는 맛을 최대한 지키려고 신경 쓰신거 같습니다 ㅎㅎㅎ 와이프가 대만족이라 하네요.</span></div><span class=""_2QRtghbCyu"">더보기",0
236,5,21.10.14,국밥 선택: 시그니처 불꽃국밥,,0
237,5,21.10.30,국밥 선택: 돼지국밥,,0
238,5,21.10.14,국밥 선택: 돼지국밥,,0
239,5,21.09.27,국밥 선택: 시그니처 불꽃국밥,,1
240,5,21.10.29,국밥 선택: 돼지국밥,,0
241,5,21.10.29,국밥 선택: 시그니처 불꽃국밥,,0
242,5,21.10.12,국밥 선택: 돼지국밥,,0
243,5,21.10.28,국밥 선택: 돼지국밥,,0
244,5,21.10.20,국밥 선택: 시그니처 불꽃국밥,,0
245,5,21.10.24,국밥 선택: 시그니처 불꽃국밥,,0
246,5,21.11.04,국밥 선택: 돼지국밥,,0
247,5,21.10.20,국밥 선택: 마라국밥,,0
248,5,21.10.20,국밥 선택: 시그니처 불꽃국밥,,0
249,5,21.10.28,국밥 선택: 시그니처 불꽃국밥,,0
250,5,21.09.29,국밥 선택: 돼지국밥,,0
251,5,21.09.26,국밥 선택: 시그니처 불꽃국밥,,0
252,5,21.10.21,국밥 선택: 시그니처 불꽃국밥,,0
253,5,21.10.15,국밥 선택: 시그니처 불꽃국밥,,0
254,5,21.10.20,국밥 선택: 마라국밥,,0
255,5,21.10.03,국밥 선택: 돼지국밥,,0
256,5,21.10.03,국밥 선택: 마라국밥,,0
257,5,21.10.16,국밥 선택: 시그니처 불꽃국밥,,0
258,5,21.10.15,국밥 선택: 시그니처 불꽃국밥,,0
259,5,21.10.21,국밥 선택: 돼지국밥,,0
260,5,21.09.27,국밥 선택: 시그니처 불꽃국밥,,0
261,5,21.10.02,국밥 선택: 돼지국밥,,0
262,5,21.10.02,국밥 선택: 시그니처 불꽃국밥,,0
263,5,21.09.27,국밥 선택: 돼지국밥,,0
264,5,21.09.29,국밥 선택: 시그니처 불꽃국밥,,0
265,5,21.09.19,국밥 선택: 시그니처 불꽃국밥,,0
266,5,21.09.24,국밥 선택: 돼지국밥,,0
267,3,21.08.19,국밥 선택: 돼지국밥,,0
268,5,21.10.20,국밥 선택: 돼지국밥,,0
269,5,21.09.25,국밥 선택: 시그니처 불꽃국밥,,0
270,5,21.10.10,국밥 선택: 시그니처 불꽃국밥,,0
271,5,21.09.25,국밥 선택: 돼지국밥,,0
272,5,21.10.16,국밥 선택: 돼지국밥,,0
273,5,21.07.24,국밥 선택: 돼지국밥,"경대 10학번 졸업생입니다. 신입생시절부터 군대 휴가나와서, 전역 후 대학생활 내내 식사와 해장을 책임져주었던 고마운 곳입니다. 졸업 후 경기도에 취업하게 되면서 못먹게 되었고, 항상 친구들에게 부산가면 형국 먹을거라고 하던 와중에 밀키트 출시를 알게 되었고 바로 주문했습니다. (첫 주문은 먹기 바빠서 사진을 못찍었고, 2번째 주문입니다)  10년전에 먹었던 그 맛 그대로입니다. 갈때마다 반겨주시는 사장 형님들, 같이 나오는 밑반찬 없이 먹어야 하는게 아쉽지만, 너무너무 그리워했던 그 맛 그대로인 것이 정말 좋습니다. 10년전에 그랬듯 앞으로 제 회사 생활에 해장은 또 형국이 책임져 줄 것 같습니다ㅎㅎㅎ  그리웠던 음식 출시해주셔서 감사합니다 형님들. 잘먹겠습니다</span></div><span class=""_2QRtghbCyu"">더보기",1
274,5,21.09.07,국밥 선택: 시그니처 불꽃국밥,,0
275,5,21.10.13,국밥 선택: 돼지국밥,,0
276,5,21.10.10,국밥 선택: 돼지국밥,,0
277,5,21.10.09,국밥 선택: 돼지국밥,,0
278,5,21.10.09,국밥 선택: 돼지국밥,,0
279,5,21.10.03,국밥 선택: 돼지국밥,,0
280,5,21.09.15,국밥 선택: 시그니처 불꽃국밥,,0
281,5,21.10.05,국밥 선택: 돼지국밥,,0
282,5,21.07.28,국밥 선택: 시그니처 불꽃국밥,,0
283,5,21.09.11,국밥 선택: 시그니처 불꽃국밥,,0
284,5,21.10.06,국밥 선택: 시그니처 불꽃국밥,,0
285,5,21.09.28,국밥 선택: 돼지국밥,,0
286,5,21.09.28,국밥 선택: 시그니처 불꽃국밥,,0
287,5,21.09.22,국밥 선택: 돼지국밥,,0
288,5,21.08.05,국밥 선택: 시그니처 불꽃국밥,,0
289,5,21.08.22,국밥 선택: 돼지국밥,,0
290,5,21.09.06,국밥 선택: 돼지국밥,,0
291,5,21.10.02,국밥 선택: 돼지국밥,,0
292,5,21.09.27,국밥 선택: 시그니처 불꽃국밥,,0
293,3,21.08.31,국밥 선택: 돼지국밥,,0
294,5,21.08.30,국밥 선택: 돼지국밥,,0
295,5,21.08.10,국밥 선택: 돼지국밥,,0
296,5,21.08.01,국밥 선택: 시그니처 불꽃국밥,,0
297,5,21.08.01,국밥 선택: 돼지국밥,,0
298,5,21.09.14,국밥 선택: 돼지국밥,,0
299,5,21.09.14,국밥 선택: 시그니처 불꽃국밥,,0
300,5,21.09.17,국밥 선택: 돼지국밥,,0
301,5,21.09.17,국밥 선택: 시그니처 불꽃국밥,,0
302,5,21.08.23,국밥 선택: 돼지국밥,,0
303,4,21.09.28,국밥 선택: 시그니처 불꽃국밥,,0
304,5,21.09.17,국밥 선택: 시그니처 불꽃국밥,,0
305,2,21.09.23,국밥 선택: 시그니처 불꽃국밥,,0
306,3,21.09.12,국밥 선택: 돼지국밥,,0
307,5,21.08.21,국밥 선택: 시그니처 불꽃국밥,,0
308,5,21.09.25,국밥 선택: 돼지국밥,,0
309,5,21.09.28,국밥 선택: 시그니처 불꽃국밥,,0
310,5,21.08.30,국밥 선택: 시그니처 불꽃국밥,,0
311,5,21.08.10,국밥 선택: 시그니처 불꽃국밥,,0
312,5,21.09.18,국밥 선택: 마라국밥,,0
313,5,21.09.16,국밥 선택: 시그니처 불꽃국밥,,0
314,5,21.09.16,국밥 선택: 돼지국밥,,0
315,5,21.08.28,국밥 선택: 시그니처 불꽃국밥,,0
316,5,21.08.22,국밥 선택: 시그니처 불꽃국밥,,0
317,5,21.08.08,국밥 선택: 시그니처 불꽃국밥,,0
318,5,21.08.22,국밥 선택: 돼지국밥,,0
319,5,21.09.10,국밥 선택: 돼지국밥,,0
320,5,21.09.27,국밥 선택: 돼지국밥,,0
321,5,21.09.16,국밥 선택: 시그니처 불꽃국밥,,0
322,5,21.09.17,국밥 선택: 돼지국밥,,0
323,5,21.07.21,국밥 선택: 시그니처 불꽃국밥,"슬라이스 고기와 적절히 맵싸한 풍미 1봉지가지고 두명이서 나눠 먹어도 될량까지 왜 이제서야 나타난거니 ? 진작에 주문 할껄 ㆍ 돼지특유의 향을 잡았군요  포장에 엽서에 요즘핫한 카페 포장 하것같아요 자주 이용하겠습니다  늘 노포만 댕겼는데 젋은분들이 운영하는곳이 더  잘하는것같아요</span></div><span class=""_2QRtghbCyu"">더보기",1
324,5,21.08.12,국밥 선택: 시그니처 불꽃국밥,,0
325,5,21.09.06,국밥 선택: 돼지국밥,,0
326,5,21.08.21,국밥 선택: 시그니처 불꽃국밥,,0
327,5,21.07.28,국밥 선택: 돼지국밥,,0
328,4,21.08.15,국밥 선택: 시그니처 불꽃국밥,,0
329,5,21.08.21,국밥 선택: 돼지국밥,,0
330,3,21.09.23,국밥 선택: 돼지국밥,,0
331,5,21.08.17,국밥 선택: 돼지국밥,,0
332,5,21.09.14,국밥 선택: 돼지국밥,,0
333,5,21.06.26,국밥 선택: 돼지국밥,"맑은 국물의 돼지국밥은 맛이 괜찮을까? 가족들과 부산가서 먹던 하얀국물과 달라 안먹을려나? 등등 약간의 의구심을 갖고 주문을 했고, 그 의구심은 쓸데없던 것임을 남편과 아이들이 먹는 것을 보고 날아갔습니다. 첨에 한입먹더니 외할머니께서 전에 해주신 맑은 한우 사골이냐고 묻더라구요~  돼지국밥이라니 먹던거랑 다르네 하면서 넘 맛있다고 엄청 잘 먹었습니다. 특히 다대기엔 손도 안되던 애들이 첨으로 넘넘 맛있다고 싹싹 긁어 다 넣는거 보고 놀랬습니다. 2팩으로 4식구가 충분히 먹었습니다. 고기양도 푸짐하고 고기냄새 1도 없이 깔끔했습니다. 특히 고기가 얇게 썰려져있어 저희는 아주 좋았습니다. 마지막으로 파의 싱심함에 감동도 살짝 받았습니다. 마른거 하나 없이 thumbs up!!!! 식당가면 깍두기를 먹을 수 있었을텐더..라며 요게 아쉬웠네요 다음에 또 주문할게요</span></div><span class=""_2QRtghbCyu"">더보기",1
334,4,21.08.25,국밥 선택: 돼지국밥,,0
335,5,21.09.11,국밥 선택: 돼지국밥,,0
336,5,21.07.11,국밥 선택: 시그니처 불꽃국밥,,0
337,5,21.07.11,국밥 선택: 돼지국밥,,0
338,5,21.09.10,국밥 선택: 시그니처 불꽃국밥,,0
339,5,21.09.14,국밥 선택: 시그니처 불꽃국밥,,0
340,5,21.08.15,국밥 선택: 돼지국밥,,0
341,5,21.08.21,국밥 선택: 시그니처 불꽃국밥,,0
342,5,21.08.08,국밥 선택: 시그니처 불꽃국밥,,0
343,5,21.08.08,국밥 선택: 돼지국밥,,0
344,5,21.09.11,국밥 선택: 돼지국밥,,0
345,5,21.08.06,국밥 선택: 시그니처 불꽃국밥,,0
346,5,21.07.13,국밥 선택: 돼지국밥,,0
347,5,21.08.28,국밥 선택: 시그니처 불꽃국밥,,0
348,5,21.08.12,국밥 선택: 돼지국밥,,0
349,4,21.09.03,국밥 선택: 시그니처 불꽃국밥,,0
350,5,21.07.05,국밥 선택: 시그니처 불꽃국밥,,1
351,5,21.08.11,국밥 선택: 돼지국밥,,0
352,5,21.07.17,국밥 선택: 시그니처 불꽃국밥,,0
353,5,21.07.17,국밥 선택: 돼지국밥,,0
354,5,21.08.15,국밥 선택: 시그니처 불꽃국밥,,0
355,5,21.08.06,국밥 선택: 돼지국밥,,0
356,5,21.08.21,국밥 선택: 돼지국밥,,0
357,5,21.07.16,국밥 선택: 시그니처 불꽃국밥,,0
358,5,21.08.08,국밥 선택: 시그니처 불꽃국밥,,0
359,5,21.08.13,국밥 선택: 시그니처 불꽃국밥,,0
360,4,21.09.03,국밥 선택: 돼지국밥,,0
361,5,21.08.06,국밥 선택: 돼지국밥,,0
362,5,21.08.12,국밥 선택: 돼지국밥,,0
363,5,21.08.29,국밥 선택: 돼지국밥,,0
364,5,21.08.27,국밥 선택: 돼지국밥,,0
365,5,21.08.27,국밥 선택: 시그니처 불꽃국밥,,0
366,5,21.08.28,국밥 선택: 돼지국밥,,0
367,5,21.07.11,국밥 선택: 시그니처 불꽃국밥,,0
368,5,21.08.08,국밥 선택: 돼지국밥,,0
369,5,21.07.30,국밥 선택: 시그니처 불꽃국밥,,0
370,5,21.07.11,국밥 선택: 시그니처 불꽃국밥,,0
371,5,21.07.23,국밥 선택: 돼지국밥,,0
372,5,21.08.23,국밥 선택: 시그니처 불꽃국밥,,0
373,5,21.07.24,국밥 선택: 시그니처 불꽃국밥,,0
374,5,21.06.30,국밥 선택: 시그니처 불꽃국밥,,2
375,5,21.07.25,국밥 선택: 시그니처 불꽃국밥,,0
376,5,21.08.11,국밥 선택: 시그니처 불꽃국밥,,0
377,5,21.08.20,국밥 선택: 시그니처 불꽃국밥,,0
378,5,21.06.18,국밥 선택: 돼지국밥,"처음 뜯었을 때 고기양에 놀라고,  한 숟갈 먹었을 때 맛에 놀라고, 양파다대기 넣었을 때 완성도에 놀랐네요!  돼지국밥 싫어하는 제가 먹어도 진짜 맛있습니다!  남편 술안주+해장을 위해 구입했는데 제가 다 먹을 것 같아요. 어디선가 형제돼지국밥은 돼지국밥이나 사골국 같은 고깃국물 잘  못 먹는 사람도 한번 먹으면 단골이 된다는 글을 봤던데 진짜네요.  대파까지 챙겨서 넣어서 주시니 서울에 자취하는 동생에게도 당장 보내려구요. 특히 양파다대기는 큰 한병을 구매하고 싶네요ㅋㅋ</span></div><span class=""_2QRtghbCyu"">더보기",1
379,5,21.08.20,국밥 선택: 돼지국밥,,0
380,5,21.06.30,국밥 선택: 돼지국밥,,1
381,5,21.06.09,국밥 선택: 돼지국밥,,1
382,5,21.07.13,국밥 선택: 돼지국밥,,0
383,5,21.05.30,국밥 선택: 시그니처 불꽃국밥,,0
384,5,21.07.20,국밥 선택: 시그니처 불꽃국밥,,0
385,4,21.07.07,국밥 선택: 돼지국밥,,0
386,5,21.07.26,국밥 선택: 시그니처 불꽃국밥,,0
387,5,21.06.17,국밥 선택: 돼지국밥,,0
388,5,21.07.25,국밥 선택: 시그니처 불꽃국밥,,0
389,5,21.07.25,국밥 선택: 돼지국밥,,0
390,5,21.08.15,국밥 선택: 시그니처 불꽃국밥,,0
391,5,21.08.15,국밥 선택: 돼지국밥,,0
392,5,21.07.28,국밥 선택: 시그니처 불꽃국밥,,0
393,5,21.07.21,국밥 선택: 돼지국밥,,0
394,5,21.05.12,국밥 선택: 돼지국밥,"대학 다닐 때 국밥 땡긴다 하면 형제국밥으로 무조건 갔던 인생국밥집이었어요ㅜㅜ 제가 서울로 취직하게 되면서부터 부산 갈 시간도 없는데 도무지 서울에는 마음에 드는 국밥집도 없어서 정말 형국 수혈이 너무 간절했거든요  거의 3년 정도 형국앓이만 하고 있었는데 이렇게 배송 서비스가 생길 줄 몰랐습니다..! 이 빌어먹을 코로나가 이럴 때는 고맙기까지 하네요 흑흑  매장에서 직접 먹는 것만큼의 맛은 아니지만 형국이 간절했던 저는 국물맛을 보고 감동의 박수를 칠 수밖에 없었습니다 ㅜㅠㅠ 포장부터 배송까지 너무 완벽해서 부족함이 없습니다 다데기도 충분하게 왔고요 고기도 너무 넉넉하게 주셔서 국밥에 고기가 들어 있는지 고기에 국밥이 들어 있는지 헷갈릴 정도였어요 굳이 단점 꼽자면 냉동 상태가 너무 좋아서 해동이 조금 오래 걸렸다는 점...?ㅋㅋㅋ 냉장해동으로는 다 녹을 때까지 견딜 수가 없어서 상온에서 해동했습니다 ㅋㅋ  정말 잘 먹었고 집으로 또 시키고 부모님도 배송해 드려야겠습니다ㅜㅜ흑흑 형제국밥 더더 흥하시길.,,💞</span></div><span class=""_2QRtghbCyu"">더보기",4
395,5,21.08.01,국밥 선택: 시그니처 불꽃국밥,,0
396,5,21.08.12,국밥 선택: 시그니처 불꽃국밥,,0
397,5,21.07.30,국밥 선택: 돼지국밥,,0
398,5,21.08.12,국밥 선택: 돼지국밥,,0
399,5,21.07.22,국밥 선택: 시그니처 불꽃국밥,,0
400,5,21.07.11,국밥 선택: 돼지국밥,,1
401,5,21.07.17,국밥 선택: 시그니처 불꽃국밥,,0
402,4,21.07.04,국밥 선택: 돼지국밥,,0
403,5,21.07.28,국밥 선택: 돼지국밥,,0
404,5,21.08.11,국밥 선택: 돼지국밥,,0
405,5,21.07.21,국밥 선택: 시그니처 불꽃국밥,,0
406,5,21.08.06,국밥 선택: 돼지국밥,,0
407,5,21.06.17,국밥 선택: 시그니처 불꽃국밥,,0
408,5,21.07.06,국밥 선택: 시그니처 불꽃국밥,,1
409,5,21.07.06,국밥 선택: 돼지국밥,,1
410,5,21.06.24,국밥 선택: 시그니처 불꽃국밥,,1
411,5,21.07.04,국밥 선택: 돼지국밥,,1
412,5,21.05.26,국밥 선택: 시그니처 불꽃국밥,"돼지국밥좋아하는데  그중에 형제돼지국밥처럼 맑은국물 돼지국밥을 제일 좋아해요! 밀키트도 식당에서 먹는거만큼 맛있어서 완전 만족해요. 같이 오는 형제국밥만의  특제다대기는 꼬옥 넣어드셔야해요 그게 포인트!!!!!  저는 평소에 빨간색 국밥은  별로 안좋아하는데 형제국밥 불꽃국밥은 최애예요ㅋㅋㅋ 불꽃에는 우동면사리 꼭 넣어드셔야해요ㅋㅋ 최고임ㅠㅠ 거기다 고기가 정말 듬뿍 들어가서 깜놀했어요ㅠㅋㅋ 최고!!!!!</span></div><span class=""_2QRtghbCyu"">더보기",0
413,5,21.07.09,국밥 선택: 시그니처 불꽃국밥,,1
414,5,21.07.21,국밥 선택: 돼지국밥,,0
415,5,21.07.12,국밥 선택: 시그니처 불꽃국밥,,0
416,5,21.07.05,국밥 선택: 돼지국밥,,1
417,5,21.07.19,국밥 선택: 돼지국밥,,0
418,5,21.06.10,국밥 선택: 시그니처 불꽃국밥,,1
419,3,21.07.31,국밥 선택: 돼지국밥,,0
420,3,21.07.31,국밥 선택: 시그니처 불꽃국밥,,0
421,5,21.07.27,국밥 선택: 시그니처 불꽃국밥,,0
422,5,21.07.14,국밥 선택: 시그니처 불꽃국밥,,0
423,5,21.07.27,국밥 선택: 돼지국밥,,0
424,5,21.07.02,국밥 선택: 시그니처 불꽃국밥,,1
425,5,21.05.27,국밥 선택: 돼지국밥,,0
426,5,21.07.30,국밥 선택: 돼지국밥,,0
427,5,21.07.02,국밥 선택: 돼지국밥,,0
428,5,21.07.02,국밥 선택: 돼지국밥,,0
429,4,21.07.02,국밥 선택: 돼지국밥,,0
430,4,21.07.07,국밥 선택: 돼지국밥,,0
431,3,21.07.27,국밥 선택: 돼지국밥,,0
432,5,21.07.06,국밥 선택: 시그니처 불꽃국밥,,0
433,5,21.07.04,국밥 선택: 시그니처 불꽃국밥,,0
434,3,21.07.27,국밥 선택: 시그니처 불꽃국밥,,0
435,5,21.07.07,국밥 선택: 시그니처 불꽃국밥,,0
436,5,21.05.18,국밥 선택: 시그니처 불꽃국밥,"기름기 하나없이 깔끔하고 고기가 얇아서 너무 좋았어요. 기본맛 먹었는데 맛있었지만 매운맛도 빨리 먹어보고 싶네요. 엽서 이벤트도 한다는거 보고 얼른 몇자 적었어요.맛집 알면 전 동생,언니한테 무조건 알려주고 한끼라도 수고로움 덜고자 맛있는거 같이 먹고자 소개해요.그리고 엄마껜 무조건 택배시켜 드리구요ㅎ  맛있게 잘 먹었어요~~</span></div><span class=""_2QRtghbCyu"">더보기",1
437,5,21.05.27,국밥 선택: 돼지국밥,,0
438,5,21.07.03,국밥 선택: 돼지국밥,,0
439,2,21.07.15,국밥 선택: 시그니처 불꽃국밥,,0
440,5,21.06.10,국밥 선택: 돼지국밥,,0
441,5,21.07.05,국밥 선택: 돼지국밥,,0
442,5,21.06.24,국밥 선택: 돼지국밥,,0
443,5,21.06.24,국밥 선택: 돼지국밥,,0
444,5,21.05.28,국밥 선택: 시그니처 불꽃국밥,,0
445,5,21.05.26,국밥 선택: 시그니처 불꽃국밥,,0
446,5,21.06.11,국밥 선택: 돼지국밥,,0
447,4,21.07.09,국밥 선택: 돼지국밥,,0
448,5,21.05.24,국밥 선택: 돼지국밥,,0
449,5,21.06.15,국밥 선택: 돼지국밥,,0
450,5,21.06.08,국밥 선택: 시그니처 불꽃국밥,,0
451,5,21.07.05,국밥 선택: 돼지국밥,,0
452,5,21.06.11,국밥 선택: 시그니처 불꽃국밥,,0
453,5,21.08.06,국밥 선택: 시그니처 불꽃국밥,,0
454,4,21.07.13,국밥 선택: 시그니처 불꽃국밥,,0
455,5,21.05.25,국밥 선택: 돼지국밥,"대학생때 즐겨 먹던곳! 이제 아기 둘의 엄마가 되서 외식이 쉽지 않은데 이렇게 밀키트로 만나니 너무 반가워요👍 밀키트로 먹어도 정말 옛날 그맛이네요^^ 다만 파가 녹아서?! 아이스박스에 찐득한 물이 묻어 있더라구요 저는 집에 파가 있어 괜찮았지만 참고하셔야 할것 같네용 ㅠㅠ</span></div><span class=""_2QRtghbCyu"">더보기",0
456,5,21.07.05,국밥 선택: 시그니처 불꽃국밥,,0
457,5,21.05.08,국밥 선택: 시그니처 불꽃국밥,"대학 졸업하고도 중불 먹고싶어서 가끔 부산가서 먹었는데...요샌 못가서 너무 그리웠어요..ㅠㅠ 배송도 아직 얼어 있는 상태로 잘 왔고, 매장에서 먹을때랑 맛이나 양에 차이가 없어요^^ (매장때보다 고기가 많은거 같기도하고..) 네팩 주문한건 신의한수였네요ㅋㅋㅋ 그리고 우동사리는 안시켰는데 서비스 주셔서 감사합니다~</span></div><span class=""_2QRtghbCyu"">더보기",3
458,5,21.05.27,국밥 선택: 시그니처 불꽃국밥,,0
459,5,21.07.08,국밥 선택: 돼지국밥,,0
460,5,21.07.09,국밥 선택: 시그니처 불꽃국밥,,0
461,5,21.07.10,국밥 선택: 시그니처 불꽃국밥,,0
462,5,21.05.12,국밥 선택: 돼지국밥,,4
463,5,21.06.08,국밥 선택: 돼지국밥,,0
464,4,21.06.10,국밥 선택: 돼지국밥,,0
465,4,21.06.10,국밥 선택: 시그니처 불꽃국밥,,0
466,5,21.07.09,국밥 선택: 시그니처 불꽃국밥,,0
467,5,21.07.09,국밥 선택: 돼지국밥,,0
468,5,21.05.26,국밥 선택: 시그니처 불꽃국밥,,0
469,5,21.05.25,국밥 선택: 시그니처 불꽃국밥,,0
470,5,21.07.08,국밥 선택: 시그니처 불꽃국밥,,0
471,5,21.05.24,국밥 선택: 시그니처 불꽃국밥,,0
472,5,21.05.24,국밥 선택: 돼지국밥,,0
473,5,21.06.11,국밥 선택: 돼지국밥,,0
474,5,21.05.27,국밥 선택: 돼지국밥,,0
475,5,21.05.27,국밥 선택: 시그니처 불꽃국밥,,0
476,5,21.05.25,국밥 선택: 돼지국밥,,0
477,5,21.05.15,국밥 선택: 돼지국밥,,1
478,5,21.05.07,국밥 선택: 돼지국밥,"1. 양 : 많습니다, 많아요  고기도 양이 많아요 ! 고기반 국물반이에요 (저희 어머니는 남는게 있냐고 걱정하셨음)  2. 맛 : 오자마자 기본 맛으로 먹었는데 돼지국밥인데 안느끼해요!( 뽀얀 돼지국밥 생각하면 안됩니당 ) 그리고 고기가 부드러워서 술술 들어가요.  3. 총평 : 여러분 그냥 아묻따 구매입니다.</span></div><span class=""_2QRtghbCyu"">더보기",2
479,5,21.06.01,국밥 선택: 시그니처 불꽃국밥,,0
480,5,21.06.29,국밥 선택: 시그니처 불꽃국밥,,1
481,5,21.06.29,국밥 선택: 돼지국밥,,1
482,5,21.06.08,국밥 선택: 시그니처 불꽃국밥,,0
483,5,21.06.10,국밥 선택: 시그니처 불꽃국밥,,0
484,5,21.06.13,국밥 선택: 돼지국밥,,0
485,5,21.05.27,국밥 선택: 돼지국밥,,0
486,5,21.05.27,국밥 선택: 돼지국밥,,0
487,5,21.07.01,국밥 선택: 시그니처 불꽃국밥,,1
488,5,21.05.27,국밥 선택: 시그니처 불꽃국밥,,0
489,5,21.07.20,국밥 선택: 시그니처 불꽃국밥,,0
490,5,21.05.27,국밥 선택: 시그니처 불꽃국밥,,0
491,5,21.06.12,국밥 선택: 시그니처 불꽃국밥,,0
492,5,21.05.18,국밥 선택: 돼지국밥,,1
493,5,21.06.22,국밥 선택: 돼지국밥,,0
494,5,21.06.08,국밥 선택: 시그니처 불꽃국밥,,0
495,5,21.05.24,국밥 선택: 돼지국밥,,0
496,5,21.06.12,국밥 선택: 돼지국밥,,0
497,5,21.06.16,국밥 선택: 돼지국밥,,0
498,1,21.06.14,국밥 선택: 시그니처 불꽃국밥,,1
499,5,21.06.05,국밥 선택: 시그니처 불꽃국밥,,0
500,5,21.05.19,국밥 선택: 시그니처 불꽃국밥,,1
501,5,21.06.16,국밥 선택: 시그니처 불꽃국밥,,0
502,5,21.06.19,국밥 선택: 시그니처 불꽃국밥,,0
503,5,21.06.08,국밥 선택: 돼지국밥,,0
504,5,21.05.21,국밥 선택: 시그니처 불꽃국밥,,1
505,4,21.05.25,국밥 선택: 돼지국밥,,0
506,5,21.06.17,국밥 선택: 돼지국밥,,0
507,5,21.06.16,국밥 선택: 시그니처 불꽃국밥,,0
508,5,21.05.26,,,0
509,5,21.06.10,국밥 선택: 돼지국밥,,0
510,4,21.06.11,국밥 선택: 시그니처 불꽃국밥,,0
511,5,21.06.04,,,0
512,5,21.06.04,,,0
513,3,21.06.14,국밥 선택: 돼지국밥,,0
514,5,21.05.19,국밥 선택: 돼지국밥,,1
515,5,21.05.11,국밥 선택: 시그니처 불꽃국밥,,3
516,5,21.05.27,국밥 선택: 돼지국밥,,0
517,5,21.05.19,국밥 선택: 시그니처 불꽃국밥,,1
518,5,21.06.04,국밥 선택: 시그니처 불꽃국밥,,0
519,5,21.05.18,국밥 선택: 돼지국밥,,1
520,5,21.05.07,국밥 선택: 시그니처 불꽃국밥,,3
521,5,21.05.20,국밥 선택: 시그니처 불꽃국밥,,1
522,3,21.05.22,국밥 선택: 돼지국밥,,0
523,3,21.05.22,국밥 선택: 시그니처 불꽃국밥,,0
524,5,21.05.24,국밥 선택: 돼지국밥,,0
525,5,21.06.13,국밥 선택: 돼지국밥,,0
526,5,21.06.11,국밥 선택: 시그니처 불꽃국밥,,0
527,5,21.05.15,국밥 선택: 돼지국밥,,1
528,5,21.05.12,국밥 선택: 돼지국밥,,3
529,5,21.05.20,국밥 선택: 돼지국밥,,1
